code_prefix,name,id,parent_id:id
1,Equity and Long Terms Debits,azkatech_gaccount_lb_1,
2,Accounts of Fixed Assets,azkatech_gaccount_lb_2,
3,Inventory and Goods,azkatech_gaccount_lb_3,
4,Receivables and Payables,azkatech_gaccount_lb_4,
5,Financial accounts,azkatech_gaccount_lb_5,
6,Expenditure,azkatech_gaccount_lb_6,
7,Income,azkatech_gaccount_lb_7,
10,Capital,azkatech_gaccount_lb_8,azkatech_gaccount_lb_1
11,RESERVES,azkatech_gaccount_lb_9,azkatech_gaccount_lb_1
12,Result Brought Forward,azkatech_gaccount_lb_10,azkatech_gaccount_lb_1
13,Margins,azkatech_gaccount_lb_11,azkatech_gaccount_lb_1
14,Investment,azkatech_gaccount_lb_12,azkatech_gaccount_lb_1
15,Provisions,azkatech_gaccount_lb_13,azkatech_gaccount_lb_1
16,Loans,azkatech_gaccount_lb_14,azkatech_gaccount_lb_1
18,Branchs,azkatech_gaccount_lb_15,azkatech_gaccount_lb_1
19,Determination of Margin,azkatech_gaccount_lb_16,azkatech_gaccount_lb_1
20,Fixed Assets,azkatech_gaccount_lb_17,azkatech_gaccount_lb_2
21,Intangible Fixed Assets,azkatech_gaccount_lb_18,azkatech_gaccount_lb_2
22,Tangible Fixed Assets,azkatech_gaccount_lb_19,azkatech_gaccount_lb_2
25,Financial Fixed Assets,azkatech_gaccount_lb_20,azkatech_gaccount_lb_2
28,Depreciation Of Fixed Assets,azkatech_gaccount_lb_21,azkatech_gaccount_lb_2
29,Provision Dimunition Of Value Of Fixed Assets,azkatech_gaccount_lb_22,azkatech_gaccount_lb_2
30,Raw Materials,azkatech_gaccount_lb_23,azkatech_gaccount_lb_3
31,Raw Materials,azkatech_gaccount_lb_24,azkatech_gaccount_lb_3
33,Products in process,azkatech_gaccount_lb_25,azkatech_gaccount_lb_3
35,Semi-finished goods,azkatech_gaccount_lb_26,azkatech_gaccount_lb_3
37,Merchandise For Sale,azkatech_gaccount_lb_27,azkatech_gaccount_lb_3
39,Provisions for dimunition in value of raw materials and ansumable goods,azkatech_gaccount_lb_28,azkatech_gaccount_lb_3
40,Suppliers,azkatech_gaccount_lb_29,azkatech_gaccount_lb_4
41,DEBTORS (CUSTOMERS),azkatech_gaccount_lb_30,azkatech_gaccount_lb_4
42,Personnel,azkatech_gaccount_lb_31,azkatech_gaccount_lb_4
43,Social security,azkatech_gaccount_lb_32,azkatech_gaccount_lb_4
44,GOV'T and Public Institutions,azkatech_gaccount_lb_33,azkatech_gaccount_lb_4
45,Partners,azkatech_gaccount_lb_34,azkatech_gaccount_lb_4
46,Miscellaneous accounts receivable&payable,azkatech_gaccount_lb_35,azkatech_gaccount_lb_4
47,Pre-Payments & Accruals,azkatech_gaccount_lb_36,azkatech_gaccount_lb_4
48,Transitory and regularization account,azkatech_gaccount_lb_37,azkatech_gaccount_lb_4
49,Provisions for dimunition in value of (receivables&payables),azkatech_gaccount_lb_38,azkatech_gaccount_lb_4
50,Security Placements,azkatech_gaccount_lb_39,azkatech_gaccount_lb_5
51,Financial Institutions,azkatech_gaccount_lb_40,azkatech_gaccount_lb_5
53,CASH,azkatech_gaccount_lb_41,azkatech_gaccount_lb_5
58,Intercompany Transfers,azkatech_gaccount_lb_42,azkatech_gaccount_lb_5
59,Provision for dimunition in value of security placements,azkatech_gaccount_lb_43,azkatech_gaccount_lb_5
60,Purchase and Variation of Inventory,azkatech_gaccount_lb_44,azkatech_gaccount_lb_6
61,Purchases Raw Materials & Consumables,azkatech_gaccount_lb_45,azkatech_gaccount_lb_6
62,Other Charges & Disbursements,azkatech_gaccount_lb_46,azkatech_gaccount_lb_6
63,Personnel Charges,azkatech_gaccount_lb_47,azkatech_gaccount_lb_6
64,Fees & Taxes,azkatech_gaccount_lb_48,azkatech_gaccount_lb_6
65,"Amortization,Depreciation & Provisions(Operational)",azkatech_gaccount_lb_49,azkatech_gaccount_lb_6
66,Other Operating Charges,azkatech_gaccount_lb_50,azkatech_gaccount_lb_6
67,Financial Charges,azkatech_gaccount_lb_51,azkatech_gaccount_lb_6
68,Non Operating Charges,azkatech_gaccount_lb_52,azkatech_gaccount_lb_6
69,Income Tax on Profits,azkatech_gaccount_lb_53,azkatech_gaccount_lb_6
70,Sales of Goods,azkatech_gaccount_lb_54,azkatech_gaccount_lb_7
71,Sales of Products,azkatech_gaccount_lb_55,azkatech_gaccount_lb_7
72,Production (Variation),azkatech_gaccount_lb_56,azkatech_gaccount_lb_7
73,Production of fixed assets,azkatech_gaccount_lb_57,azkatech_gaccount_lb_7
74,Operating Subsidies,azkatech_gaccount_lb_58,azkatech_gaccount_lb_7
75,Provisions Write-Back (Operational),azkatech_gaccount_lb_59,azkatech_gaccount_lb_7
76,Other operationg income,azkatech_gaccount_lb_60,azkatech_gaccount_lb_7
77,Financial Revenues,azkatech_gaccount_lb_61,azkatech_gaccount_lb_7
78,Non Operating Revenues,azkatech_gaccount_lb_62,azkatech_gaccount_lb_7
101,Capital(company or individual),azkatech_gaccount_lb_63,azkatech_gaccount_lb_8
102,Premuim related to the capital,azkatech_gaccount_lb_64,azkatech_gaccount_lb_8
103,Revalution variances,azkatech_gaccount_lb_65,azkatech_gaccount_lb_8
109,Owners Current Account,azkatech_gaccount_lb_66,azkatech_gaccount_lb_8
111,Legal Reserve,azkatech_gaccount_lb_67,azkatech_gaccount_lb_9
112,Statutary and contractual reserve,azkatech_gaccount_lb_68,azkatech_gaccount_lb_9
119,Other Reserves,azkatech_gaccount_lb_69,azkatech_gaccount_lb_9
121,Profit brought forward,azkatech_gaccount_lb_70,azkatech_gaccount_lb_10
125,Loss brought forward,azkatech_gaccount_lb_71,azkatech_gaccount_lb_10
131,Gross Trade Margin,azkatech_gaccount_lb_72,azkatech_gaccount_lb_11
132,Value Added,azkatech_gaccount_lb_73,azkatech_gaccount_lb_11
133,Gross trading operating margin,azkatech_gaccount_lb_74,azkatech_gaccount_lb_11
134,operating result(prior to financial income&expenditures),azkatech_gaccount_lb_75,azkatech_gaccount_lb_11
135,Result Before Taxation,azkatech_gaccount_lb_76,azkatech_gaccount_lb_11
136,Non-Operating Result,azkatech_gaccount_lb_77,azkatech_gaccount_lb_11
138,Result of the period-Profits,azkatech_gaccount_lb_78,azkatech_gaccount_lb_11
139,Result of the period-Losses,azkatech_gaccount_lb_79,azkatech_gaccount_lb_11
141,Investment subsidies received,azkatech_gaccount_lb_80,azkatech_gaccount_lb_12
145,Investment subsidies transferred to results,azkatech_gaccount_lb_81,azkatech_gaccount_lb_12
151,Provisions for contingencies,azkatech_gaccount_lb_82,azkatech_gaccount_lb_13
155,Provisions for charges,azkatech_gaccount_lb_83,azkatech_gaccount_lb_13
161,Loans against debenture,azkatech_gaccount_lb_84,azkatech_gaccount_lb_14
162,loans from financial institutions,azkatech_gaccount_lb_85,azkatech_gaccount_lb_14
168,Sundry loans and debts,azkatech_gaccount_lb_86,azkatech_gaccount_lb_14
181,Branches and joint ventures accounts(One account for each entity),azkatech_gaccount_lb_87,azkatech_gaccount_lb_15
186,Intercompany charges,azkatech_gaccount_lb_88,azkatech_gaccount_lb_15
187,Intercompany income,azkatech_gaccount_lb_89,azkatech_gaccount_lb_15
191,Determination of the gross trading margin,azkatech_gaccount_lb_90,azkatech_gaccount_lb_16
192,Determination of value added,azkatech_gaccount_lb_91,azkatech_gaccount_lb_16
193,Determination of the gross operating income,azkatech_gaccount_lb_92,azkatech_gaccount_lb_16
194,Determination of operating result(prior to financial income and expenditures),azkatech_gaccount_lb_93,azkatech_gaccount_lb_16
195,Determination of the current result before taxation,azkatech_gaccount_lb_94,azkatech_gaccount_lb_16
196,Determination of non-operating result,azkatech_gaccount_lb_95,azkatech_gaccount_lb_16
197,Determination of the period's result,azkatech_gaccount_lb_96,azkatech_gaccount_lb_16
211,"Business concern(keymoney,goodwill,clients)",azkatech_gaccount_lb_97,azkatech_gaccount_lb_18
212,Establishment expenses,azkatech_gaccount_lb_98,azkatech_gaccount_lb_18
213,Research and development expences,azkatech_gaccount_lb_99,azkatech_gaccount_lb_18
214,"Patents,licences,trade marks and similars",azkatech_gaccount_lb_100,azkatech_gaccount_lb_18
219,Other intangible fixed assets,azkatech_gaccount_lb_101,azkatech_gaccount_lb_18
221,Land,azkatech_gaccount_lb_102,azkatech_gaccount_lb_19
223,Construction,azkatech_gaccount_lb_103,azkatech_gaccount_lb_19
224,Technical installations and industrial tools,azkatech_gaccount_lb_104,azkatech_gaccount_lb_19
225,Transportation equipment,azkatech_gaccount_lb_105,azkatech_gaccount_lb_19
226,Other tangible fixed assets,azkatech_gaccount_lb_106,azkatech_gaccount_lb_19
227,Tangible fixed assets in progress,azkatech_gaccount_lb_107,azkatech_gaccount_lb_19
228,Advance payments on account of tagible fixed assets,azkatech_gaccount_lb_108,azkatech_gaccount_lb_19
251,Equity participations,azkatech_gaccount_lb_109,azkatech_gaccount_lb_20
252,Receivables related to equity participations,azkatech_gaccount_lb_110,azkatech_gaccount_lb_20
253,Other blocked securities,azkatech_gaccount_lb_111,azkatech_gaccount_lb_20
255,Long and medium term loans,azkatech_gaccount_lb_112,azkatech_gaccount_lb_20
259,Other blocked long term receivables,azkatech_gaccount_lb_113,azkatech_gaccount_lb_20
280,Amortization of the business concern(goodwill),azkatech_gaccount_lb_114,azkatech_gaccount_lb_21
281,Amortization of other intangible fixed assets,azkatech_gaccount_lb_115,azkatech_gaccount_lb_21
282,Depreciation of tangible fixed assets,azkatech_gaccount_lb_116,azkatech_gaccount_lb_21
290,Provisions for dimunition in value of fixed assets,azkatech_gaccount_lb_117,azkatech_gaccount_lb_22
291,Provisions for dimunition in value of intangible fixed assets,azkatech_gaccount_lb_118,azkatech_gaccount_lb_22
292,Provisions for dimunition in value of tangible fixed assets,azkatech_gaccount_lb_119,azkatech_gaccount_lb_22
295,Provisions for dimunition in value of financial fixed assets,azkatech_gaccount_lb_120,azkatech_gaccount_lb_22
311,Raw Materials,azkatech_gaccount_lb_121,azkatech_gaccount_lb_24
315,Other consumable supplies and materials,azkatech_gaccount_lb_122,azkatech_gaccount_lb_24
331,Products in process,azkatech_gaccount_lb_123,azkatech_gaccount_lb_25
332,Works in process,azkatech_gaccount_lb_124,azkatech_gaccount_lb_25
335,Studies in process,azkatech_gaccount_lb_125,azkatech_gaccount_lb_25
336,Services in process,azkatech_gaccount_lb_126,azkatech_gaccount_lb_25
351,Semi-finished goods,azkatech_gaccount_lb_127,azkatech_gaccount_lb_26
355,Manufactured goods,azkatech_gaccount_lb_128,azkatech_gaccount_lb_26
358,Production scrap,azkatech_gaccount_lb_129,azkatech_gaccount_lb_26
371,Merchandise For Sale,azkatech_gaccount_lb_130,azkatech_gaccount_lb_27
372,Merchandise For Sale,azkatech_gaccount_lb_131,azkatech_gaccount_lb_27
379,Transitory Stock Account,azkatech_gaccount_lb_132,azkatech_gaccount_lb_27
391,Provisions for dimunition in value of raw materials and ansumable goods,azkatech_gaccount_lb_133,azkatech_gaccount_lb_28
393,Provisions for dimunition in value of products in process,azkatech_gaccount_lb_134,azkatech_gaccount_lb_28
395,Provisions for dimunition in value of products in process,azkatech_gaccount_lb_135,azkatech_gaccount_lb_28
397,Provisions for dimunition in value of Inventory,azkatech_gaccount_lb_136,azkatech_gaccount_lb_28
401,Accounts Payables (Suppliers),azkatech_gaccount_lb_137,azkatech_gaccount_lb_29
403,Fixed Assets Suppliers,azkatech_gaccount_lb_138,azkatech_gaccount_lb_29
409,Advance payments on account of operational supplies,azkatech_gaccount_lb_139,azkatech_gaccount_lb_29
411,Clients,azkatech_gaccount_lb_140,azkatech_gaccount_lb_30
413,Notes receivable (Clients),azkatech_gaccount_lb_141,azkatech_gaccount_lb_30
415,Advances on Works Unbilled,azkatech_gaccount_lb_142,azkatech_gaccount_lb_30
418,Invoices Under Preparation,azkatech_gaccount_lb_143,azkatech_gaccount_lb_30
419,Advances and payments on account for orders under execution,azkatech_gaccount_lb_144,azkatech_gaccount_lb_30
421,Payments due to personnel,azkatech_gaccount_lb_145,azkatech_gaccount_lb_31
428,Personnel's accounts receivable,azkatech_gaccount_lb_146,azkatech_gaccount_lb_31
431,Accounts payable to social security,azkatech_gaccount_lb_147,azkatech_gaccount_lb_32
435,Payment Paper\Social Security,azkatech_gaccount_lb_148,azkatech_gaccount_lb_32
438,Accounts receivable from social security fund,azkatech_gaccount_lb_149,azkatech_gaccount_lb_32
441,Taxes Due (Operational),azkatech_gaccount_lb_150,azkatech_gaccount_lb_33
442,VAT Accounts,azkatech_gaccount_lb_151,azkatech_gaccount_lb_33
443,Tax due (Non -operational),azkatech_gaccount_lb_152,azkatech_gaccount_lb_33
445,GOV'T and Public Institutions other accounts payable,azkatech_gaccount_lb_153,azkatech_gaccount_lb_33
449,GOV'T and Public Institutions accounts receivable,azkatech_gaccount_lb_154,azkatech_gaccount_lb_33
451,Partners current account,azkatech_gaccount_lb_155,azkatech_gaccount_lb_34
453,Dividends Payable,azkatech_gaccount_lb_156,azkatech_gaccount_lb_34
455,Other Partners payables,azkatech_gaccount_lb_157,azkatech_gaccount_lb_34
459,Shareholders Receivable,azkatech_gaccount_lb_158,azkatech_gaccount_lb_34
461,MiscOperating accounts payable,azkatech_gaccount_lb_159,azkatech_gaccount_lb_35
463,Installments on financial fixed assets,azkatech_gaccount_lb_160,azkatech_gaccount_lb_35
465,Misc Accounts payable-Non Operating,azkatech_gaccount_lb_161,azkatech_gaccount_lb_35
468,Misc Accounts receivales-Operating,azkatech_gaccount_lb_162,azkatech_gaccount_lb_35
469,Misc Receivables -Non Operating,azkatech_gaccount_lb_163,azkatech_gaccount_lb_35
471,Deferred Charges,azkatech_gaccount_lb_164,azkatech_gaccount_lb_36
472,Deferred Income,azkatech_gaccount_lb_165,azkatech_gaccount_lb_36
473,Accrued Income,azkatech_gaccount_lb_166,azkatech_gaccount_lb_36
475,Exchange difference-liabilities,azkatech_gaccount_lb_167,azkatech_gaccount_lb_36
476,Exchange difference-Assets,azkatech_gaccount_lb_168,azkatech_gaccount_lb_36
481,Periodical allocation of expenses,azkatech_gaccount_lb_169,azkatech_gaccount_lb_37
482,Periodical allocation of Income,azkatech_gaccount_lb_170,azkatech_gaccount_lb_37
483,Charges Account Payables,azkatech_gaccount_lb_171,azkatech_gaccount_lb_37
491,Provisions for dimunition in value of receivables (Clients),azkatech_gaccount_lb_172,azkatech_gaccount_lb_38
495,"Provisions for dimunition in value of partners,accounts",azkatech_gaccount_lb_173,azkatech_gaccount_lb_38
496,Provisions for dimunition in value of Misc receivable,azkatech_gaccount_lb_174,azkatech_gaccount_lb_38
501,Purchases of the Company Own Shares,azkatech_gaccount_lb_175,azkatech_gaccount_lb_39
502,Property Rights related to Notes,azkatech_gaccount_lb_176,azkatech_gaccount_lb_39
505,Debentures & Bonds,azkatech_gaccount_lb_177,azkatech_gaccount_lb_39
506,Liabilities Rights Related to Notes,azkatech_gaccount_lb_178,azkatech_gaccount_lb_39
511,Cheques & Coupon for Collection,azkatech_gaccount_lb_179,azkatech_gaccount_lb_40
512,Banks,azkatech_gaccount_lb_180,azkatech_gaccount_lb_40
519,Financial Institutions,azkatech_gaccount_lb_181,azkatech_gaccount_lb_40
531,Cash On Hand,azkatech_gaccount_lb_182,azkatech_gaccount_lb_41
601,Purchases ,azkatech_gaccount_lb_183,azkatech_gaccount_lb_44
605,Variation of Inventory,azkatech_gaccount_lb_184,azkatech_gaccount_lb_44
611,Raw Materials and Consumables purchases,azkatech_gaccount_lb_185,azkatech_gaccount_lb_45
615,Variation of Raw Materials & Consumable Inventory,azkatech_gaccount_lb_186,azkatech_gaccount_lb_45
621,Costs Related to Sub Contracts,azkatech_gaccount_lb_187,azkatech_gaccount_lb_46
625,Leasing & Patents Cost,azkatech_gaccount_lb_188,azkatech_gaccount_lb_46
626,External Services,azkatech_gaccount_lb_189,azkatech_gaccount_lb_46
631,Salaries & Wages,azkatech_gaccount_lb_190,azkatech_gaccount_lb_47
635,Social Security,azkatech_gaccount_lb_191,azkatech_gaccount_lb_47
641,Income Tax on Salaries & Remunerations,azkatech_gaccount_lb_192,azkatech_gaccount_lb_48
642,Municipal Tax,azkatech_gaccount_lb_193,azkatech_gaccount_lb_48
643,Value Added tax,azkatech_gaccount_lb_194,azkatech_gaccount_lb_48
644,Registration Fees,azkatech_gaccount_lb_195,azkatech_gaccount_lb_48
645,Other Taxes,azkatech_gaccount_lb_196,azkatech_gaccount_lb_48
646,Personnel Meals,azkatech_gaccount_lb_197,azkatech_gaccount_lb_48
651,Depreciation & Amortization,azkatech_gaccount_lb_198,azkatech_gaccount_lb_49
655,Provisions,azkatech_gaccount_lb_199,azkatech_gaccount_lb_49
661,Other Operating Charges,azkatech_gaccount_lb_200,azkatech_gaccount_lb_50
665,Loss On Joint Venture,azkatech_gaccount_lb_201,azkatech_gaccount_lb_50
673,Interest,azkatech_gaccount_lb_202,azkatech_gaccount_lb_51
674,Bank Benefits,azkatech_gaccount_lb_203,azkatech_gaccount_lb_51
675,Negative Exchange Differences,azkatech_gaccount_lb_204,azkatech_gaccount_lb_51
676,Net Charges on disposal of securities placements,azkatech_gaccount_lb_205,azkatech_gaccount_lb_51
679,Amostization & Provisions on Financial Charges,azkatech_gaccount_lb_206,azkatech_gaccount_lb_51
681,Net book value of fixed assets disposed of,azkatech_gaccount_lb_207,azkatech_gaccount_lb_52
685,Other Charges -Non Operating,azkatech_gaccount_lb_208,azkatech_gaccount_lb_52
689,Depreciation & Provisions Non-Operating,azkatech_gaccount_lb_209,azkatech_gaccount_lb_52
690,Income Tax On Profits,azkatech_gaccount_lb_210,azkatech_gaccount_lb_53
701,Invoices,azkatech_gaccount_lb_211,azkatech_gaccount_lb_54
709,Discount & Allowances Allowed,azkatech_gaccount_lb_212,azkatech_gaccount_lb_54
711,Sales of Production,azkatech_gaccount_lb_213,azkatech_gaccount_lb_55
712,Works,azkatech_gaccount_lb_214,azkatech_gaccount_lb_55
713,Services,azkatech_gaccount_lb_215,azkatech_gaccount_lb_55
717,Proceeds from Ancillary Activities,azkatech_gaccount_lb_216,azkatech_gaccount_lb_55
719,Discount & Allowances Allowed,azkatech_gaccount_lb_217,azkatech_gaccount_lb_55
721,Works in Progress (variation ),azkatech_gaccount_lb_218,azkatech_gaccount_lb_56
722,Studies & Services in Progress (variation),azkatech_gaccount_lb_219,azkatech_gaccount_lb_56
725,Produced items (variations),azkatech_gaccount_lb_220,azkatech_gaccount_lb_56
731,Intangible fixed Assets,azkatech_gaccount_lb_221,azkatech_gaccount_lb_57
732,Tangible fixed Assets  ,azkatech_gaccount_lb_222,azkatech_gaccount_lb_57
741,Related to products,azkatech_gaccount_lb_223,azkatech_gaccount_lb_58
743,Related to production,azkatech_gaccount_lb_224,azkatech_gaccount_lb_58
752,Write-back of provisions for dimunition in value of fixed assets,azkatech_gaccount_lb_225,azkatech_gaccount_lb_59
753,Write-back of provisions for dimunition in value of current assets,azkatech_gaccount_lb_226,azkatech_gaccount_lb_59
761,Ordinary Incomes,azkatech_gaccount_lb_227,azkatech_gaccount_lb_60
765,Joint Venture Income,azkatech_gaccount_lb_228,azkatech_gaccount_lb_60
771,Revenues of Equity participations,azkatech_gaccount_lb_229,azkatech_gaccount_lb_61
772,Revenue from Other Assets,azkatech_gaccount_lb_230,azkatech_gaccount_lb_61
773,Interest & similar Revenues,azkatech_gaccount_lb_231,azkatech_gaccount_lb_61
775,Foreign Currencies positive Difference,azkatech_gaccount_lb_232,azkatech_gaccount_lb_61
778,Other Financial Income,azkatech_gaccount_lb_233,azkatech_gaccount_lb_61
779,Write-Back of financial provisions,azkatech_gaccount_lb_234,azkatech_gaccount_lb_61
781,Revenues from fixed Assets Disposals,azkatech_gaccount_lb_235,azkatech_gaccount_lb_62
782,Investment subsidies transferred to Profit & Loss,azkatech_gaccount_lb_236,azkatech_gaccount_lb_62
788,Misc Income Non Operating,azkatech_gaccount_lb_237,azkatech_gaccount_lb_62
789,Write-back of Non operating provisions,azkatech_gaccount_lb_238,azkatech_gaccount_lb_62
609,Purchase Discount,azkatech_gaccount_lb_697,azkatech_gaccount_lb_44
636,Personnel Transportation,azkatech_gaccount_lb_701,azkatech_gaccount_lb_47
1011,Suscribed capital(uncalled),azkatech_gaccount_lb_239,azkatech_gaccount_lb_63
1012,Suscribed capital(called and unpaid),azkatech_gaccount_lb_240,azkatech_gaccount_lb_63
1013,Suscribed capital(called &paid Up),azkatech_gaccount_lb_241,azkatech_gaccount_lb_63
1021,Issue primiums,azkatech_gaccount_lb_242,azkatech_gaccount_lb_64
1022,Merger premiums,azkatech_gaccount_lb_243,azkatech_gaccount_lb_64
1023,Contributions premiums,azkatech_gaccount_lb_244,azkatech_gaccount_lb_64
1024,Premium on converting debenture loans to shares,azkatech_gaccount_lb_245,azkatech_gaccount_lb_64
1031,Revalution variances of unamortizable fixed assets,azkatech_gaccount_lb_246,azkatech_gaccount_lb_65
1035,Revalution variances of amortizable fixed assets,azkatech_gaccount_lb_247,azkatech_gaccount_lb_65
1090,OWNERS CURRENT ACCOUNTS,azkatech_gaccount_lb_248,azkatech_gaccount_lb_66
1110,LEGAL RESERVE,azkatech_gaccount_lb_249,azkatech_gaccount_lb_67
1120,STATUTARY RESERVES,azkatech_gaccount_lb_250,azkatech_gaccount_lb_68
1190,OTHER RESEVE,azkatech_gaccount_lb_251,azkatech_gaccount_lb_69
1210,Profit Brought Forward,azkatech_gaccount_lb_252,azkatech_gaccount_lb_70
1250,Loss Brought Forward,azkatech_gaccount_lb_253,azkatech_gaccount_lb_71
1310,Gross Trade margin,azkatech_gaccount_lb_254,azkatech_gaccount_lb_72
1320,Value Added,azkatech_gaccount_lb_255,azkatech_gaccount_lb_73
1330,Gross Trading Operating Margin,azkatech_gaccount_lb_256,azkatech_gaccount_lb_74
1340,Operating Results,azkatech_gaccount_lb_257,azkatech_gaccount_lb_75
1350,Results Before Taxes,azkatech_gaccount_lb_258,azkatech_gaccount_lb_76
1360,Non Operating Results,azkatech_gaccount_lb_259,azkatech_gaccount_lb_77
1380,Result of Period,azkatech_gaccount_lb_260,azkatech_gaccount_lb_78
1390,Result Of Period-Loss,azkatech_gaccount_lb_261,azkatech_gaccount_lb_79
1410,Investment Subsidies Received,azkatech_gaccount_lb_262,azkatech_gaccount_lb_80
1450,Investment Subsidies Transferred to Results,azkatech_gaccount_lb_263,azkatech_gaccount_lb_81
1511,Provisions for litigation and sundry contingencies,azkatech_gaccount_lb_264,azkatech_gaccount_lb_82
1512,Provisions in respect of guarantees given to customers,azkatech_gaccount_lb_265,azkatech_gaccount_lb_82
1513,Provisions for losses on exchange,azkatech_gaccount_lb_266,azkatech_gaccount_lb_82
1514,Provisions for losses on future transactions,azkatech_gaccount_lb_267,azkatech_gaccount_lb_82
1515,Provisions for fines and penalties,azkatech_gaccount_lb_268,azkatech_gaccount_lb_82
1551,Provisions for deferred charges,azkatech_gaccount_lb_269,azkatech_gaccount_lb_83
1552,Provisions for employee end of service indemnities and similar obligation,azkatech_gaccount_lb_270,azkatech_gaccount_lb_83
1553,Provisions for taxes,azkatech_gaccount_lb_271,azkatech_gaccount_lb_83
1610,Loans Against Debenture,azkatech_gaccount_lb_272,azkatech_gaccount_lb_84
1620,Loans From Financial Instituations,azkatech_gaccount_lb_273,azkatech_gaccount_lb_85
1681,Notes payable resulting from the purchase of the enterprise,azkatech_gaccount_lb_274,azkatech_gaccount_lb_86
1682,Deposits and guarantees,azkatech_gaccount_lb_275,azkatech_gaccount_lb_86
1683,Advances from the government,azkatech_gaccount_lb_276,azkatech_gaccount_lb_86
1684,Capitalized life annulties,azkatech_gaccount_lb_277,azkatech_gaccount_lb_86
1689,Other medium and long term debts,azkatech_gaccount_lb_278,azkatech_gaccount_lb_86
1811,Balance of the period,azkatech_gaccount_lb_279,azkatech_gaccount_lb_87
1815,Movements of the period,azkatech_gaccount_lb_280,azkatech_gaccount_lb_87
1860,Inter-company Charges,azkatech_gaccount_lb_281,azkatech_gaccount_lb_88
1870,Intercompany Income,azkatech_gaccount_lb_282,azkatech_gaccount_lb_89
1910,Determination of Gross Trading Margin,azkatech_gaccount_lb_283,azkatech_gaccount_lb_90
1920,Determination Of Value Added,azkatech_gaccount_lb_284,azkatech_gaccount_lb_91
1930,Determination Of Gross Operating Income,azkatech_gaccount_lb_285,azkatech_gaccount_lb_92
1940,Determination Of Results,azkatech_gaccount_lb_286,azkatech_gaccount_lb_93
1950,Determination Of Current Results,azkatech_gaccount_lb_287,azkatech_gaccount_lb_94
1960,Determination Of Non Operating Results,azkatech_gaccount_lb_288,azkatech_gaccount_lb_95
1970,Determination Of Period Results,azkatech_gaccount_lb_289,azkatech_gaccount_lb_96
2110,Business Concern,azkatech_gaccount_lb_290,azkatech_gaccount_lb_97
2120,Establishment Expneses,azkatech_gaccount_lb_291,azkatech_gaccount_lb_98
2130,R &D,azkatech_gaccount_lb_292,azkatech_gaccount_lb_99
2140,Patanets,azkatech_gaccount_lb_293,azkatech_gaccount_lb_100
2190,Other Intangible Fixed Assets,azkatech_gaccount_lb_294,azkatech_gaccount_lb_101
2191,Lease,azkatech_gaccount_lb_295,azkatech_gaccount_lb_101
2198,Advance payments on account of intagible fixed assets,azkatech_gaccount_lb_296,azkatech_gaccount_lb_101
2211,Naked Land,azkatech_gaccount_lb_297,azkatech_gaccount_lb_102
2212,Built lands(Real estate complexes),azkatech_gaccount_lb_298,azkatech_gaccount_lb_102
2213,Extractive land Sites(Mines&Ouarris),azkatech_gaccount_lb_299,azkatech_gaccount_lb_102
2214,Land development and Reclamation,azkatech_gaccount_lb_300,azkatech_gaccount_lb_102
2231,Buildings,azkatech_gaccount_lb_301,azkatech_gaccount_lb_103
2232,General Installation and leasehold improvements,azkatech_gaccount_lb_302,azkatech_gaccount_lb_103
2233,"Infrastructure works(Dams,Airport,Runways)",azkatech_gaccount_lb_303,azkatech_gaccount_lb_103
2234,Construction on leasehold land,azkatech_gaccount_lb_304,azkatech_gaccount_lb_103
2241,Specialized installations,azkatech_gaccount_lb_305,azkatech_gaccount_lb_104
2242,specific installations,azkatech_gaccount_lb_306,azkatech_gaccount_lb_104
2243,Industrial Equipment,azkatech_gaccount_lb_307,azkatech_gaccount_lb_104
2244,Industrial Tools,azkatech_gaccount_lb_308,azkatech_gaccount_lb_104
2250,Transportation Equipement,azkatech_gaccount_lb_309,azkatech_gaccount_lb_105
2261,General Installations and Other Improvements and developments,azkatech_gaccount_lb_310,azkatech_gaccount_lb_106
2262,Offie and Computer equipment,azkatech_gaccount_lb_311,azkatech_gaccount_lb_106
2263,Furniture,azkatech_gaccount_lb_312,azkatech_gaccount_lb_106
2264,Agricultural Investments,azkatech_gaccount_lb_313,azkatech_gaccount_lb_106
2265,Reusable packing Material,azkatech_gaccount_lb_314,azkatech_gaccount_lb_106
2271,Land,azkatech_gaccount_lb_315,azkatech_gaccount_lb_107
2273,Buildings,azkatech_gaccount_lb_316,azkatech_gaccount_lb_107
2274,"Technical installations,industrial equipment & tools",azkatech_gaccount_lb_317,azkatech_gaccount_lb_107
2276,Other tangible fixed assets,azkatech_gaccount_lb_318,azkatech_gaccount_lb_107
2280,Advance Payment On Fixed Assets,azkatech_gaccount_lb_319,azkatech_gaccount_lb_108
2510,Equity Participations,azkatech_gaccount_lb_320,azkatech_gaccount_lb_109
2520,Receivable Related To Equity Participation,azkatech_gaccount_lb_321,azkatech_gaccount_lb_110
2531,Ownership rights (Minor participations),azkatech_gaccount_lb_322,azkatech_gaccount_lb_111
2535,Debenture loans(bonds and Debentures),azkatech_gaccount_lb_323,azkatech_gaccount_lb_111
2551,Loans to partners,azkatech_gaccount_lb_324,azkatech_gaccount_lb_112
2552,Loans to employees,azkatech_gaccount_lb_325,azkatech_gaccount_lb_112
2558,Other loans,azkatech_gaccount_lb_326,azkatech_gaccount_lb_112
2591,Deposits and guarantees,azkatech_gaccount_lb_327,azkatech_gaccount_lb_113
2811,Establishment expenses,azkatech_gaccount_lb_328,azkatech_gaccount_lb_115
2812,Research and development expences,azkatech_gaccount_lb_329,azkatech_gaccount_lb_115
2813,"Patents,licences,trade marks and similars values",azkatech_gaccount_lb_330,azkatech_gaccount_lb_115
2819,Other intangible fixed assets,azkatech_gaccount_lb_331,azkatech_gaccount_lb_115
2821,Extractive land Sites(Mines&Ouarries),azkatech_gaccount_lb_332,azkatech_gaccount_lb_116
2823,Constructions,azkatech_gaccount_lb_333,azkatech_gaccount_lb_116
2824,Technical installations & industrial tools,azkatech_gaccount_lb_334,azkatech_gaccount_lb_116
2825,Transportation equipment,azkatech_gaccount_lb_335,azkatech_gaccount_lb_116
2826,Other tangible fixed assets,azkatech_gaccount_lb_336,azkatech_gaccount_lb_116
2900,Provision Dimunition Of Value Of Fixed Assets,azkatech_gaccount_lb_337,azkatech_gaccount_lb_117
2911,Trade marks and similars,azkatech_gaccount_lb_338,azkatech_gaccount_lb_118
2919,Other intangible fixed assets,azkatech_gaccount_lb_339,azkatech_gaccount_lb_118
2921,Land (Other than extractive land sites),azkatech_gaccount_lb_340,azkatech_gaccount_lb_119
2926,Other tangible fixed assets,azkatech_gaccount_lb_341,azkatech_gaccount_lb_119
2951,Equity participations,azkatech_gaccount_lb_342,azkatech_gaccount_lb_120
2952,Receivables related to equity participations,azkatech_gaccount_lb_343,azkatech_gaccount_lb_120
2953,Other blocked securities,azkatech_gaccount_lb_344,azkatech_gaccount_lb_120
2955,Long and medium term loans,azkatech_gaccount_lb_345,azkatech_gaccount_lb_120
2959,Other blocked long term receivables,azkatech_gaccount_lb_346,azkatech_gaccount_lb_120
3710,Merchandise For Sale,azkatech_gaccount_lb_347,azkatech_gaccount_lb_130
3791,Transitory Stock Account,azkatech_gaccount_lb_348,azkatech_gaccount_lb_132
4011,Suppliers Goods,azkatech_gaccount_lb_349,azkatech_gaccount_lb_137
4012,Suppliers Services,azkatech_gaccount_lb_350,azkatech_gaccount_lb_137
4013,Salesmen,azkatech_gaccount_lb_351,azkatech_gaccount_lb_137
4015,Suppliers Others,azkatech_gaccount_lb_352,azkatech_gaccount_lb_137
4016,Suppliers of payment complaints,azkatech_gaccount_lb_353,azkatech_gaccount_lb_137
4017,Suppliers of works and commitments,azkatech_gaccount_lb_354,azkatech_gaccount_lb_137
4018,Invoices not received yet,azkatech_gaccount_lb_355,azkatech_gaccount_lb_137
4019,"Earned,Discounts & Allowances",azkatech_gaccount_lb_356,azkatech_gaccount_lb_137
4031,Invoices,azkatech_gaccount_lb_357,azkatech_gaccount_lb_138
4035,Notes Payables,azkatech_gaccount_lb_358,azkatech_gaccount_lb_138
4038,Invoices not received yet,azkatech_gaccount_lb_359,azkatech_gaccount_lb_138
4039,"Earned,Discounts & Allowances",azkatech_gaccount_lb_360,azkatech_gaccount_lb_138
4111,Clients,azkatech_gaccount_lb_361,azkatech_gaccount_lb_140
4112,Consumer Clients,azkatech_gaccount_lb_362,azkatech_gaccount_lb_140
4113,Baking & Pastry Clients,azkatech_gaccount_lb_363,azkatech_gaccount_lb_140
4114,Chocolatier Clients,azkatech_gaccount_lb_364,azkatech_gaccount_lb_140
4115,Doubtful Clients,azkatech_gaccount_lb_365,azkatech_gaccount_lb_140
4116,Other Clients,azkatech_gaccount_lb_366,azkatech_gaccount_lb_140
4119,Cash Customer,azkatech_gaccount_lb_367,azkatech_gaccount_lb_140
4210,Payments due to Employee,azkatech_gaccount_lb_368,azkatech_gaccount_lb_145
4280,Employee's Accounts,azkatech_gaccount_lb_369,azkatech_gaccount_lb_146
4281,Advances and payments,azkatech_gaccount_lb_370,azkatech_gaccount_lb_146
4282,Retentions,azkatech_gaccount_lb_371,azkatech_gaccount_lb_146
4311,Benefits payable,azkatech_gaccount_lb_372,azkatech_gaccount_lb_147
4315,Notes payable - Social security,azkatech_gaccount_lb_373,azkatech_gaccount_lb_147
4318,Charges to be accured for (social security),azkatech_gaccount_lb_374,azkatech_gaccount_lb_147
4381,Family Allocation For Personnel,azkatech_gaccount_lb_375,azkatech_gaccount_lb_149
4411,Taxes Due (Operational),azkatech_gaccount_lb_376,azkatech_gaccount_lb_150
4412,Taxes Due (No Operational),azkatech_gaccount_lb_377,azkatech_gaccount_lb_150
4415,Notes payable(Taxes and Rates ),azkatech_gaccount_lb_378,azkatech_gaccount_lb_150
4418,Other Taxes to be accured for,azkatech_gaccount_lb_379,azkatech_gaccount_lb_150
4421,VAT out from Purchases,azkatech_gaccount_lb_380,azkatech_gaccount_lb_151
4425,VAT Net Total,azkatech_gaccount_lb_381,azkatech_gaccount_lb_151
4426,VAT out from Purchases,azkatech_gaccount_lb_382,azkatech_gaccount_lb_151
4427,VAT In from Sales,azkatech_gaccount_lb_383,azkatech_gaccount_lb_151
4431,Taxes on Profit,azkatech_gaccount_lb_384,azkatech_gaccount_lb_152
4451,GOV'T And Public Institutions Other Accounts Payable,azkatech_gaccount_lb_385,azkatech_gaccount_lb_153
4491,Subsidies receivable,azkatech_gaccount_lb_386,azkatech_gaccount_lb_154
4497,Other receivables(Gov't and public institutuions),azkatech_gaccount_lb_387,azkatech_gaccount_lb_154
4498,Accured revenues not collected,azkatech_gaccount_lb_388,azkatech_gaccount_lb_154
4511,Affiliated companies,azkatech_gaccount_lb_389,azkatech_gaccount_lb_155
4515,Other Partners,azkatech_gaccount_lb_390,azkatech_gaccount_lb_155
4518,Joint Ventures,azkatech_gaccount_lb_391,azkatech_gaccount_lb_155
4551,Contribution to the company's Capital,azkatech_gaccount_lb_392,azkatech_gaccount_lb_157
4552,Re-imbursement of company's Capital,azkatech_gaccount_lb_393,azkatech_gaccount_lb_157
4557,Other payables,azkatech_gaccount_lb_394,azkatech_gaccount_lb_157
4591,Subscribed & Uncalled Capital,azkatech_gaccount_lb_395,azkatech_gaccount_lb_158
4592,Subscribed Capital called & Unpaid,azkatech_gaccount_lb_396,azkatech_gaccount_lb_158
4597,Other receivables,azkatech_gaccount_lb_397,azkatech_gaccount_lb_158
4611,Accounts payable-for consignments&containers,azkatech_gaccount_lb_398,azkatech_gaccount_lb_159
4613,Accounts payable-for consignments&containers,azkatech_gaccount_lb_399,azkatech_gaccount_lb_159
4619,Other payables (Operational),azkatech_gaccount_lb_400,azkatech_gaccount_lb_159
4631,Uncalled Equity participation,azkatech_gaccount_lb_401,azkatech_gaccount_lb_160
4632,Uncalled Equity participation,azkatech_gaccount_lb_402,azkatech_gaccount_lb_160
4633,Other  blocked securities (uncalled),azkatech_gaccount_lb_403,azkatech_gaccount_lb_160
4634,Others,azkatech_gaccount_lb_404,azkatech_gaccount_lb_160
4650,Misc Accounts payable-Non Operating,azkatech_gaccount_lb_405,azkatech_gaccount_lb_161
4651,Payables on acquisition of security placements,azkatech_gaccount_lb_406,azkatech_gaccount_lb_161
4652,Debentures,azkatech_gaccount_lb_407,azkatech_gaccount_lb_161
4653,Installments on acquisition of security placements,azkatech_gaccount_lb_408,azkatech_gaccount_lb_161
4659,Other Misc payables-non operating,azkatech_gaccount_lb_409,azkatech_gaccount_lb_161
4681,Accounts Receivables for consignments & containers,azkatech_gaccount_lb_410,azkatech_gaccount_lb_162
4689,Other Misc Receivables-Operational,azkatech_gaccount_lb_411,azkatech_gaccount_lb_162
4691,Accounts Receivables on fixed assets disposal & sale of placement securities,azkatech_gaccount_lb_412,azkatech_gaccount_lb_163
4699,Other Misc Receivables-Non Operational,azkatech_gaccount_lb_413,azkatech_gaccount_lb_163
4711,Pre-operation expenses,azkatech_gaccount_lb_414,azkatech_gaccount_lb_164
4712,Major repairs for Amortization,azkatech_gaccount_lb_415,azkatech_gaccount_lb_164
4713,Debenture & Bonds premiums,azkatech_gaccount_lb_416,azkatech_gaccount_lb_164
4719,Other deferred charges,azkatech_gaccount_lb_417,azkatech_gaccount_lb_164
4751,Increase on accounts receivable,azkatech_gaccount_lb_418,azkatech_gaccount_lb_167
4752,Decrease on accounts payable,azkatech_gaccount_lb_419,azkatech_gaccount_lb_167
4758,Other exchange difference,azkatech_gaccount_lb_420,azkatech_gaccount_lb_167
4761,Decrease on accounts Receivable,azkatech_gaccount_lb_421,azkatech_gaccount_lb_168
4762,Increase on accounts payable,azkatech_gaccount_lb_422,azkatech_gaccount_lb_168
4768,Other exchange difference,azkatech_gaccount_lb_423,azkatech_gaccount_lb_168
4831,Charges Account Payables,azkatech_gaccount_lb_424,azkatech_gaccount_lb_171
4968,Misc Receivables - Operational,azkatech_gaccount_lb_425,azkatech_gaccount_lb_174
4969,Misc Receivables - Non Operational,azkatech_gaccount_lb_426,azkatech_gaccount_lb_174
5110,Cheques & Coupon for Collection,azkatech_gaccount_lb_427,azkatech_gaccount_lb_179
5111,Discounted credits with the Bank,azkatech_gaccount_lb_428,azkatech_gaccount_lb_179
5120,Banks Current Account,azkatech_gaccount_lb_429,azkatech_gaccount_lb_180
5121,Banks Cil Account,azkatech_gaccount_lb_430,azkatech_gaccount_lb_180
5122,Banks Cil Douane Account,azkatech_gaccount_lb_431,azkatech_gaccount_lb_180
5123,Banks Drafts,azkatech_gaccount_lb_432,azkatech_gaccount_lb_180
5124,Banks Other Accounts,azkatech_gaccount_lb_433,azkatech_gaccount_lb_180
5125,Banks / payment papers,azkatech_gaccount_lb_434,azkatech_gaccount_lb_180
5127,"Banks, credit benefits",azkatech_gaccount_lb_435,azkatech_gaccount_lb_180
5128,Reserve Bank Guarantees,azkatech_gaccount_lb_436,azkatech_gaccount_lb_180
5310,Cash,azkatech_gaccount_lb_437,azkatech_gaccount_lb_182
5311,Post Dated Checks,azkatech_gaccount_lb_438,azkatech_gaccount_lb_182
5312,Drafts,azkatech_gaccount_lb_439,azkatech_gaccount_lb_182
5313,Checks On Hand,azkatech_gaccount_lb_440,azkatech_gaccount_lb_182
6011,Coods,azkatech_gaccount_lb_441,azkatech_gaccount_lb_183
6012,Purchases Containers & packing materials,azkatech_gaccount_lb_442,azkatech_gaccount_lb_183
6013,Other Purchases (Receivables & Accounting),azkatech_gaccount_lb_443,azkatech_gaccount_lb_183
6018,Expences connected to purchases & containers,azkatech_gaccount_lb_444,azkatech_gaccount_lb_183
6019,Discount & Allowances Earned ,azkatech_gaccount_lb_445,azkatech_gaccount_lb_183
6051,Opening Stock,azkatech_gaccount_lb_446,azkatech_gaccount_lb_184
6052,Cost Of Sales,azkatech_gaccount_lb_447,azkatech_gaccount_lb_184
6053,Stock Adjustment,azkatech_gaccount_lb_448,azkatech_gaccount_lb_184
6111,Raw Materials purchases,azkatech_gaccount_lb_449,azkatech_gaccount_lb_185
6112,Conumables Purchases,azkatech_gaccount_lb_450,azkatech_gaccount_lb_185
6113,Containers & Packing Materials Purchases,azkatech_gaccount_lb_451,azkatech_gaccount_lb_185
6115,Purchases and Charges of obligations,azkatech_gaccount_lb_452,azkatech_gaccount_lb_185
6118,Expenses Connected to Raw Materials & Consumable purchase,azkatech_gaccount_lb_453,azkatech_gaccount_lb_185
6119,Discount & Allowances Earned (detailed),azkatech_gaccount_lb_454,azkatech_gaccount_lb_185
6151,Opening Stock,azkatech_gaccount_lb_455,azkatech_gaccount_lb_186
6152,Closing Stock,azkatech_gaccount_lb_456,azkatech_gaccount_lb_186
6211,Sub contract A,azkatech_gaccount_lb_457,azkatech_gaccount_lb_187
6212,Sub contract B,azkatech_gaccount_lb_458,azkatech_gaccount_lb_187
6219,Discount & Allowances in purchases from Sub-,azkatech_gaccount_lb_459,azkatech_gaccount_lb_187
6251,Leasing on Materials,azkatech_gaccount_lb_460,azkatech_gaccount_lb_188
6252,Leasing on Property,azkatech_gaccount_lb_461,azkatech_gaccount_lb_188
6253,Royalties,azkatech_gaccount_lb_462,azkatech_gaccount_lb_188
6254,Licences,azkatech_gaccount_lb_463,azkatech_gaccount_lb_188
6256,Trade Marks,azkatech_gaccount_lb_464,azkatech_gaccount_lb_188
6257,Know-how,azkatech_gaccount_lb_465,azkatech_gaccount_lb_188
6258,Similar values & rights,azkatech_gaccount_lb_466,azkatech_gaccount_lb_188
6261,Transportation & Communication,azkatech_gaccount_lb_467,azkatech_gaccount_lb_189
6262,Maintenance & Repairs,azkatech_gaccount_lb_468,azkatech_gaccount_lb_189
6263,Rent & (building services),azkatech_gaccount_lb_469,azkatech_gaccount_lb_189
6264,Hotel & Restaurant,azkatech_gaccount_lb_470,azkatech_gaccount_lb_189
6265,Personnel Services,azkatech_gaccount_lb_471,azkatech_gaccount_lb_189
6266,Training,azkatech_gaccount_lb_472,azkatech_gaccount_lb_189
6267,Studies & Research,azkatech_gaccount_lb_473,azkatech_gaccount_lb_189
6268,Insurance Premiums,azkatech_gaccount_lb_474,azkatech_gaccount_lb_189
6269,Other External Services,azkatech_gaccount_lb_475,azkatech_gaccount_lb_189
6311,Salaries,azkatech_gaccount_lb_476,azkatech_gaccount_lb_190
6312,Wages,azkatech_gaccount_lb_477,azkatech_gaccount_lb_190
6313,School Aid,azkatech_gaccount_lb_478,azkatech_gaccount_lb_190
6314,Fixed Commission,azkatech_gaccount_lb_479,azkatech_gaccount_lb_190
6315,Transport Of Personnel,azkatech_gaccount_lb_480,azkatech_gaccount_lb_190
6316,Manager Remunerations(Voting Rights),azkatech_gaccount_lb_481,azkatech_gaccount_lb_190
6317,Directors Remuneration,azkatech_gaccount_lb_482,azkatech_gaccount_lb_190
6351,CNSS Cotisation Medicla (Employer 7%),azkatech_gaccount_lb_483,azkatech_gaccount_lb_191
6352,CNSS Cotisation Indemnity End Of Service (8.5%),azkatech_gaccount_lb_484,azkatech_gaccount_lb_191
6353,CNSS Cotisation Familly Allocation (6%),azkatech_gaccount_lb_485,azkatech_gaccount_lb_191
6354,Staff Transportation allowance,azkatech_gaccount_lb_486,azkatech_gaccount_lb_191
6356,Close-out End of Service Indemnity,azkatech_gaccount_lb_487,azkatech_gaccount_lb_191
6421,Municipal Tax,azkatech_gaccount_lb_488,azkatech_gaccount_lb_193
6441,Registration Fees,azkatech_gaccount_lb_489,azkatech_gaccount_lb_195
6442,Tax On Built Properties,azkatech_gaccount_lb_490,azkatech_gaccount_lb_195
6451,Real Estate Tax,azkatech_gaccount_lb_491,azkatech_gaccount_lb_196
6452,Taxes on Transportation Equipments,azkatech_gaccount_lb_492,azkatech_gaccount_lb_196
6453,Other direct and indirect Tax,azkatech_gaccount_lb_493,azkatech_gaccount_lb_196
6464,Personnel Meals,azkatech_gaccount_lb_494,azkatech_gaccount_lb_197
6511,Amortization of intangible Assets,azkatech_gaccount_lb_495,azkatech_gaccount_lb_198
6512,Depreciation of Fixed Assets,azkatech_gaccount_lb_496,azkatech_gaccount_lb_198
6515,Amortization of Deffered Charges,azkatech_gaccount_lb_497,azkatech_gaccount_lb_198
6551,Provisions for dimunition in value of intangible fixed Assets,azkatech_gaccount_lb_498,azkatech_gaccount_lb_199
6552,Provisions for dimunition in value of Tangible fixed Assets,azkatech_gaccount_lb_499,azkatech_gaccount_lb_199
6553,Provisions for dimunition in value of Inventory & goods in Process,azkatech_gaccount_lb_500,azkatech_gaccount_lb_199
6554,Provisions for Bad & Doubtful Debts,azkatech_gaccount_lb_501,azkatech_gaccount_lb_199
6555,Provisions for risks & Charges (Operational),azkatech_gaccount_lb_502,azkatech_gaccount_lb_199
6611,Attendance Fees,azkatech_gaccount_lb_503,azkatech_gaccount_lb_200
6612,Losses on Irrecoverable Operating Receivables,azkatech_gaccount_lb_504,azkatech_gaccount_lb_200
6731,Interest - Accounts payable & Loans,azkatech_gaccount_lb_505,azkatech_gaccount_lb_202
6732,Interest - Overdrafts & Deposits,azkatech_gaccount_lb_506,azkatech_gaccount_lb_202
6733,Interest - Guaranteed Debenture & Bonds,azkatech_gaccount_lb_507,azkatech_gaccount_lb_202
6734,Interest - Other Accounts payable,azkatech_gaccount_lb_508,azkatech_gaccount_lb_202
6735,Discount Paid,azkatech_gaccount_lb_509,azkatech_gaccount_lb_202
6736,Interest - Banks & Financial Institutions,azkatech_gaccount_lb_510,azkatech_gaccount_lb_202
6737,Banks Charges,azkatech_gaccount_lb_511,azkatech_gaccount_lb_202
6741,Bank Benefits,azkatech_gaccount_lb_512,azkatech_gaccount_lb_203
6751,Normal Operations,azkatech_gaccount_lb_513,azkatech_gaccount_lb_204
6752,Capital Operations,azkatech_gaccount_lb_514,azkatech_gaccount_lb_204
6791,Amortization of Reinbursement Premiums,azkatech_gaccount_lb_515,azkatech_gaccount_lb_206
6792,Provision for dimunition in value of financial fixed Assets,azkatech_gaccount_lb_516,azkatech_gaccount_lb_206
6794,Provision for dimunition in value of Securities Placements,azkatech_gaccount_lb_517,azkatech_gaccount_lb_206
6795,Provision for risks & financial charges,azkatech_gaccount_lb_518,azkatech_gaccount_lb_206
6811,Intagible Fixed Assets,azkatech_gaccount_lb_519,azkatech_gaccount_lb_207
6812,Tagible Fixed Assets,azkatech_gaccount_lb_520,azkatech_gaccount_lb_207
6815,Financial Fixed Assets,azkatech_gaccount_lb_521,azkatech_gaccount_lb_207
6851,Charges on Administrative Operations,azkatech_gaccount_lb_522,azkatech_gaccount_lb_208
6852,Management Gifts,azkatech_gaccount_lb_523,azkatech_gaccount_lb_208
6855,Charges on Capital Operations,azkatech_gaccount_lb_524,azkatech_gaccount_lb_208
6891,Exceptional Depreciation of Fixed Assets,azkatech_gaccount_lb_525,azkatech_gaccount_lb_209
6892,Provision for Exceptional dimunition in Prices,azkatech_gaccount_lb_526,azkatech_gaccount_lb_209
6895,Provision for risks & charges -Non -operational,azkatech_gaccount_lb_527,azkatech_gaccount_lb_209
6900,Income Tax On Profits,azkatech_gaccount_lb_528,azkatech_gaccount_lb_210
6901,Interest Tax On Profits,azkatech_gaccount_lb_529,azkatech_gaccount_lb_53
7011,Sales,azkatech_gaccount_lb_530,azkatech_gaccount_lb_211
7012,Sales (Accouting System),azkatech_gaccount_lb_531,azkatech_gaccount_lb_211
7013,Other Sales,azkatech_gaccount_lb_532,azkatech_gaccount_lb_211
7018,Income Connected To Sales,azkatech_gaccount_lb_533,azkatech_gaccount_lb_211
7091,Discount & Allowances Allowed,azkatech_gaccount_lb_534,azkatech_gaccount_lb_212
7092,Discount By Credit Notes,azkatech_gaccount_lb_535,azkatech_gaccount_lb_212
7111,Sales of Manufactured Goods,azkatech_gaccount_lb_536,azkatech_gaccount_lb_213
7112,Sales of By-Products Items,azkatech_gaccount_lb_537,azkatech_gaccount_lb_213
7113,Sales of Scrap,azkatech_gaccount_lb_538,azkatech_gaccount_lb_213
7131,Revenue of Services,azkatech_gaccount_lb_539,azkatech_gaccount_lb_215
7191,Production,azkatech_gaccount_lb_540,azkatech_gaccount_lb_217
7192,Works,azkatech_gaccount_lb_541,azkatech_gaccount_lb_217
7193,Services,azkatech_gaccount_lb_542,azkatech_gaccount_lb_217
7197,Ancillary Activities,azkatech_gaccount_lb_543,azkatech_gaccount_lb_217
7211,Production in Progress,azkatech_gaccount_lb_544,azkatech_gaccount_lb_218
7212,Work in Progress,azkatech_gaccount_lb_545,azkatech_gaccount_lb_218
7225,Studies in progress,azkatech_gaccount_lb_546,azkatech_gaccount_lb_219
7226,Services in progress,azkatech_gaccount_lb_547,azkatech_gaccount_lb_219
7251,By products Items,azkatech_gaccount_lb_548,azkatech_gaccount_lb_220
7255,Manufactured goods,azkatech_gaccount_lb_549,azkatech_gaccount_lb_220
7258,Scrap,azkatech_gaccount_lb_550,azkatech_gaccount_lb_220
7325,Production Sales Transportation Equipment,azkatech_gaccount_lb_551,azkatech_gaccount_lb_222
7611,"Royalties-patents-licences ,trade marks,know-how & similair",azkatech_gaccount_lb_552,azkatech_gaccount_lb_227
7612,Rent Income,azkatech_gaccount_lb_553,azkatech_gaccount_lb_227
7613,Directors attendance fees & allowances,azkatech_gaccount_lb_554,azkatech_gaccount_lb_227
7619,Allocation of operating expenses,azkatech_gaccount_lb_555,azkatech_gaccount_lb_227
7651,Net Transfers of Allocated Charges,azkatech_gaccount_lb_556,azkatech_gaccount_lb_228
7655,Net Attributions of Income,azkatech_gaccount_lb_557,azkatech_gaccount_lb_228
7711,Dividends  ,azkatech_gaccount_lb_558,azkatech_gaccount_lb_229
7716,Revenue from other Equity participations,azkatech_gaccount_lb_559,azkatech_gaccount_lb_229
7717,Revenue from receivables related to Equity participation,azkatech_gaccount_lb_560,azkatech_gaccount_lb_229
7721,Revenue from securities placements,azkatech_gaccount_lb_561,azkatech_gaccount_lb_230
7723,Revenue from blocked securities,azkatech_gaccount_lb_562,azkatech_gaccount_lb_230
7725,Revenue from blocked receivables,azkatech_gaccount_lb_563,azkatech_gaccount_lb_230
7726,Revenue from commercial receivables,azkatech_gaccount_lb_564,azkatech_gaccount_lb_230
7727,Revenue from Misc receivables,azkatech_gaccount_lb_565,azkatech_gaccount_lb_230
7731,Revenue on loans Granted,azkatech_gaccount_lb_566,azkatech_gaccount_lb_231
7733,"Earned,Discounts & Allowances",azkatech_gaccount_lb_567,azkatech_gaccount_lb_231
7735,Discount Received,azkatech_gaccount_lb_568,azkatech_gaccount_lb_231
7736,Interest-Banks,azkatech_gaccount_lb_569,azkatech_gaccount_lb_231
7737,Bank Charges Revenues,azkatech_gaccount_lb_570,azkatech_gaccount_lb_231
7738,Stamps Revenues,azkatech_gaccount_lb_571,azkatech_gaccount_lb_231
7751,Current Operations,azkatech_gaccount_lb_572,azkatech_gaccount_lb_232
7755,Capital Operations,azkatech_gaccount_lb_573,azkatech_gaccount_lb_232
7781,Net Income on sale of security placement,azkatech_gaccount_lb_574,azkatech_gaccount_lb_233
7789,Allocation of financial charges,azkatech_gaccount_lb_575,azkatech_gaccount_lb_233
7793,Write-Back of provisions for dimunition of values,azkatech_gaccount_lb_576,azkatech_gaccount_lb_234
7795,Write-Back of provisions for risks & charges,azkatech_gaccount_lb_577,azkatech_gaccount_lb_234
7811,Intagible Fixed Assets,azkatech_gaccount_lb_578,azkatech_gaccount_lb_235
7812,Tangible Fixed Assets,azkatech_gaccount_lb_579,azkatech_gaccount_lb_235
7815,Financial Fixed Assets,azkatech_gaccount_lb_580,azkatech_gaccount_lb_235
7818,Other disposed assets,azkatech_gaccount_lb_581,azkatech_gaccount_lb_235
7881,Exceptional Revenue on ordinary operation,azkatech_gaccount_lb_582,azkatech_gaccount_lb_237
7888,Other Revenue on exceptional capital operations,azkatech_gaccount_lb_583,azkatech_gaccount_lb_237
7889,Allocation of exceptional charges,azkatech_gaccount_lb_584,azkatech_gaccount_lb_237
7891,Write-back of provisions for dimunition in value,azkatech_gaccount_lb_585,azkatech_gaccount_lb_238
7895,Write-back of provisions of risks & charges,azkatech_gaccount_lb_586,azkatech_gaccount_lb_238
4654,Misc.Accounts payable-Non Operating,azkatech_gaccount_lb_695,azkatech_gaccount_lb_161
5112,CHEQUES A PAYER,azkatech_gaccount_lb_696,azkatech_gaccount_lb_179
6091,Purchase Discount,azkatech_gaccount_lb_698,azkatech_gaccount_lb_697
6361,Personnel Transportation,azkatech_gaccount_lb_702,azkatech_gaccount_lb_701
6440,Registration Fees,azkatech_gaccount_lb_703,azkatech_gaccount_lb_195
4091,Advance payments on account of operational supplies,azkatech_gaccount_lb_704,azkatech_gaccount_lb_139
4721,Deferred Income,azkatech_gaccount_lb_705,azkatech_gaccount_lb_165
4725,RENT TO BE PAID,azkatech_gaccount_lb_706,azkatech_gaccount_lb_165
4726,INSURANCE TO BE PAID,azkatech_gaccount_lb_707,azkatech_gaccount_lb_165
4727,HONORAIRES TO BE PAID,azkatech_gaccount_lb_708,azkatech_gaccount_lb_165
4811,Periodical allocation of expenses,azkatech_gaccount_lb_709,azkatech_gaccount_lb_169
6050,Variation of Inventory,azkatech_gaccount_lb_710,azkatech_gaccount_lb_184
15520,for employee end of service indemnities,azkatech_gaccount_lb_587,azkatech_gaccount_lb_270
15521,Provisions of Service Indemnities (Details),azkatech_gaccount_lb_588,azkatech_gaccount_lb_270
15522,Provisions of service indemnities (Not Reg in the CNSS),azkatech_gaccount_lb_589,azkatech_gaccount_lb_270
41191,Cash Customer -1,azkatech_gaccount_lb_590,azkatech_gaccount_lb_367
41192,Cash Customer-2,azkatech_gaccount_lb_591,azkatech_gaccount_lb_367
42100,Payments Due To Personnel,azkatech_gaccount_lb_592,azkatech_gaccount_lb_368
42101,Employee Deductions / Social Security ,azkatech_gaccount_lb_593,azkatech_gaccount_lb_368
42102,Employee Deductions / Income Tax,azkatech_gaccount_lb_594,azkatech_gaccount_lb_368
43111,CNSS End-of-Service Compensation,azkatech_gaccount_lb_595,azkatech_gaccount_lb_372
43180,Charges to be accured for (social security),azkatech_gaccount_lb_596,azkatech_gaccount_lb_374
43181,CNSS Cotisation Medical (7%+3%),azkatech_gaccount_lb_597,azkatech_gaccount_lb_374
43182,CNSS Cotisation Indemnity End Of Service (8.5%),azkatech_gaccount_lb_598,azkatech_gaccount_lb_374
43183,CNSS Cotisation Familly Alocation (6%),azkatech_gaccount_lb_599,azkatech_gaccount_lb_374
44210,VAT out from Purchases,azkatech_gaccount_lb_600,azkatech_gaccount_lb_380
44213,VAT out from Fixed Assets,azkatech_gaccount_lb_601,azkatech_gaccount_lb_380
44216,VAT out from CHARGES,azkatech_gaccount_lb_602,azkatech_gaccount_lb_380
44261,VAT out from Purchases,azkatech_gaccount_lb_603,azkatech_gaccount_lb_382
44270,VAT In from Sales,azkatech_gaccount_lb_604,azkatech_gaccount_lb_383
45111,Holding Company,azkatech_gaccount_lb_605,azkatech_gaccount_lb_389
45112,Subsidiary Companies,azkatech_gaccount_lb_606,azkatech_gaccount_lb_389
45113,Affiliated companies,azkatech_gaccount_lb_607,azkatech_gaccount_lb_389
45114,Multi-group companies,azkatech_gaccount_lb_608,azkatech_gaccount_lb_389
46191,Other payables (Operational),azkatech_gaccount_lb_609,azkatech_gaccount_lb_400
60181,Freight,azkatech_gaccount_lb_610,azkatech_gaccount_lb_444
60182,Commissions,azkatech_gaccount_lb_611,azkatech_gaccount_lb_444
60183,Insurance on freight,azkatech_gaccount_lb_612,azkatech_gaccount_lb_444
60184,Clearing expences,azkatech_gaccount_lb_613,azkatech_gaccount_lb_444
60185,Customs Charges,azkatech_gaccount_lb_614,azkatech_gaccount_lb_444
60186,D.D.P. (Droit de port),azkatech_gaccount_lb_615,azkatech_gaccount_lb_444
60187,Maint & Rep.,azkatech_gaccount_lb_616,azkatech_gaccount_lb_444
60189,Others Expenses,azkatech_gaccount_lb_617,azkatech_gaccount_lb_444
60191,Discount  Earned,azkatech_gaccount_lb_618,azkatech_gaccount_lb_445
60530,Stock Adjustmen FREE,azkatech_gaccount_lb_619,azkatech_gaccount_lb_448
60531,Stock Adjustmen NON FREE,azkatech_gaccount_lb_620,azkatech_gaccount_lb_448
60532,Consumer Stock Adjustment,azkatech_gaccount_lb_621,azkatech_gaccount_lb_448
61111,A.Raw Materials Purchases,azkatech_gaccount_lb_622,azkatech_gaccount_lb_449
61112,B.Raw Materials Purchases,azkatech_gaccount_lb_623,azkatech_gaccount_lb_449
61121,Fuel & Gaz,azkatech_gaccount_lb_624,azkatech_gaccount_lb_450
61122,Maintenance Products,azkatech_gaccount_lb_625,azkatech_gaccount_lb_450
61123,Workshop & Factory Supplies,azkatech_gaccount_lb_626,azkatech_gaccount_lb_450
61124,Stores Supllies,azkatech_gaccount_lb_627,azkatech_gaccount_lb_450
61125,Office Supplies,azkatech_gaccount_lb_628,azkatech_gaccount_lb_450
61131,Unreturmable Containers,azkatech_gaccount_lb_629,azkatech_gaccount_lb_451
61132,Returmable Containers,azkatech_gaccount_lb_630,azkatech_gaccount_lb_451
61133,Other Containers,azkatech_gaccount_lb_631,azkatech_gaccount_lb_451
61181,Transport & Freight,azkatech_gaccount_lb_632,azkatech_gaccount_lb_453
61182,Commissions & Brokerage,azkatech_gaccount_lb_633,azkatech_gaccount_lb_453
61183,Insurance on freight,azkatech_gaccount_lb_634,azkatech_gaccount_lb_453
61184,Clearing Charges,azkatech_gaccount_lb_635,azkatech_gaccount_lb_453
61185,Customs Charges,azkatech_gaccount_lb_636,azkatech_gaccount_lb_453
62611,Transportation of Goods,azkatech_gaccount_lb_637,azkatech_gaccount_lb_467
62612,Personnel Collectice Transportation,azkatech_gaccount_lb_638,azkatech_gaccount_lb_467
62615,"Postage,telephone,& telecommunications",azkatech_gaccount_lb_639,azkatech_gaccount_lb_467
62621,Maintenance & Repairs,azkatech_gaccount_lb_640,azkatech_gaccount_lb_468
62622,Maintenance & Repairs Vehiculs,azkatech_gaccount_lb_641,azkatech_gaccount_lb_468
62631,Rent ,azkatech_gaccount_lb_642,azkatech_gaccount_lb_469
62632,Other Related Charges,azkatech_gaccount_lb_643,azkatech_gaccount_lb_469
62641,Entertainment,azkatech_gaccount_lb_644,azkatech_gaccount_lb_470
62642,Travel & Transport,azkatech_gaccount_lb_645,azkatech_gaccount_lb_470
62644,Travel,azkatech_gaccount_lb_646,azkatech_gaccount_lb_470
62651,Temperory Personnel,azkatech_gaccount_lb_647,azkatech_gaccount_lb_471
62652,Agents Commission,azkatech_gaccount_lb_648,azkatech_gaccount_lb_471
62653,Lawyer Fees,azkatech_gaccount_lb_649,azkatech_gaccount_lb_471
62654,Audit Fees,azkatech_gaccount_lb_650,azkatech_gaccount_lb_471
62655,Legal Fees,azkatech_gaccount_lb_651,azkatech_gaccount_lb_471
62661,Training & Development,azkatech_gaccount_lb_652,azkatech_gaccount_lb_472
62662,Documentations,azkatech_gaccount_lb_653,azkatech_gaccount_lb_472
62671,Software Fees,azkatech_gaccount_lb_654,azkatech_gaccount_lb_473
62691,Medical Care,azkatech_gaccount_lb_655,azkatech_gaccount_lb_475
62692,Financial Fees & Expenses(on securities & Notes),azkatech_gaccount_lb_656,azkatech_gaccount_lb_475
62693,Publicity,azkatech_gaccount_lb_657,azkatech_gaccount_lb_475
62694,Laboratory Charges,azkatech_gaccount_lb_658,azkatech_gaccount_lb_475
62699,Other External Services,azkatech_gaccount_lb_659,azkatech_gaccount_lb_475
64531,Fiscal Stamps,azkatech_gaccount_lb_660,azkatech_gaccount_lb_493
64643,Personnel Meals,azkatech_gaccount_lb_661,azkatech_gaccount_lb_494
68511,Donations,azkatech_gaccount_lb_662,azkatech_gaccount_lb_522
68512,Subsidies Granted,azkatech_gaccount_lb_663,azkatech_gaccount_lb_522
68513,Fines & Penalties,azkatech_gaccount_lb_664,azkatech_gaccount_lb_522
68514,Penalties on Contracts,azkatech_gaccount_lb_665,azkatech_gaccount_lb_522
68515,Irrecoverable Receivables,azkatech_gaccount_lb_666,azkatech_gaccount_lb_522
68516,Other Administrative Operations,azkatech_gaccount_lb_667,azkatech_gaccount_lb_522
68551,Price Indexing,azkatech_gaccount_lb_668,azkatech_gaccount_lb_524
68552,Reinbursement Allowances,azkatech_gaccount_lb_669,azkatech_gaccount_lb_524
68553,Purchases of the company Own Shares & Notes,azkatech_gaccount_lb_670,azkatech_gaccount_lb_524
70181,Income Freight,azkatech_gaccount_lb_671,azkatech_gaccount_lb_533
70182,Income Commission,azkatech_gaccount_lb_672,azkatech_gaccount_lb_533
70183,Income Insurance,azkatech_gaccount_lb_673,azkatech_gaccount_lb_533
70184,Income Clearing,azkatech_gaccount_lb_674,azkatech_gaccount_lb_533
70185,Income Duty,azkatech_gaccount_lb_675,azkatech_gaccount_lb_533
70187,Income Maint.& Rep.,azkatech_gaccount_lb_676,azkatech_gaccount_lb_533
44211,VAT Out Stock,azkatech_gaccount_lb_693,azkatech_gaccount_lb_380
44212,VAT Out Expenses,azkatech_gaccount_lb_694,azkatech_gaccount_lb_380
62695,Electricity Expenses,azkatech_gaccount_lb_699,azkatech_gaccount_lb_475
62698,Other Income and Expenses,azkatech_gaccount_lb_700,azkatech_gaccount_lb_475
442101,VAT out from Purchases (GR: S1),azkatech_gaccount_lb_677,azkatech_gaccount_lb_600
442102,VAT out from Purchases (GR: T),azkatech_gaccount_lb_678,azkatech_gaccount_lb_600
442701,VAT In from Sales (GR: C),azkatech_gaccount_lb_679,azkatech_gaccount_lb_604
442702,VAT In from Sales (GR: CS),azkatech_gaccount_lb_680,azkatech_gaccount_lb_604
601891,Others Expenses,azkatech_gaccount_lb_681,azkatech_gaccount_lb_617
601892,Others Expenses,azkatech_gaccount_lb_682,azkatech_gaccount_lb_617
6018911,Handling Charges,azkatech_gaccount_lb_683,azkatech_gaccount_lb_681
6018912,Industrial Research,azkatech_gaccount_lb_684,azkatech_gaccount_lb_681
6018913,Delivery Order,azkatech_gaccount_lb_685,azkatech_gaccount_lb_681
6018914,Stamps,azkatech_gaccount_lb_686,azkatech_gaccount_lb_681
6018915,Demurrage,azkatech_gaccount_lb_687,azkatech_gaccount_lb_681
6018916,Overtime,azkatech_gaccount_lb_688,azkatech_gaccount_lb_681
6018917,Transport,azkatech_gaccount_lb_689,azkatech_gaccount_lb_681
6018918,PACKING & EMBALLAGE,azkatech_gaccount_lb_690,azkatech_gaccount_lb_681
6018919,Others Add.Charges,azkatech_gaccount_lb_691,azkatech_gaccount_lb_681
6018921,Electricity Port Charges,azkatech_gaccount_lb_692,azkatech_gaccount_lb_682
